سوال,سوال مشابه ۱,سوال مشابه ۲
نظریه دلبستگی چیست؟,چه چیزهایی شامل نظریه دلبستگی می‌شود؟,آیا می‌توانید نظریه دلبستگی را توضیح دهید؟
دلبستگی چیست؟,مفهموم دلبستگی چیست؟,می‌توانید توضیح دهید دلبستگی به چه معناست؟
آیا رفتارهای دلبستگی نشان‌دهنده حس امنیت هستند؟,چگونه رفتارهای دلبستگی با حس امنیت مربوط می‌شوند؟,آیا می‌توان از رفتارهای  دلبستگی برای تعیین امنیت استفاده نمود؟
حس دلبستگی از دوران کودکی تا نوجوانی چه تغییری می‌کند؟,آیا می‌توانید توضیح دهید که دلبستگی چگونه در طول انتقال از دوران کودکی به نوجوانی تکامل می‌یابد؟,چگونه حس دلبستگی در طول یک فرایند شخصی از دوران کودکی به دوران بلوغ انقال می‌یابد؟
انواع حس دلبستگی در بزرگسالان به چه صورت است؟,در میان افراد بزرگسال چند نوع سبک دلبستگی وجود دارد؟,می‌توانید در مورد انواع مختلف سبک‌های دلبستگی مشاهده شده در افراد توضیح دهید؟
توضیحات زیست‌شناختی درباره حس دلبستگی چیست؟,از نظر علم زیست، نظریه دلبستگی به خود چه جایگاهی دارد؟,زیست‌شناسی پشت نظریه دلبستگی چیست؟
چگونه نظریه دلبستگی به جرم و جنایت مرتبط است؟,چه ارتباطی بین نظریه دلبستگی و رفتار جنایی وجود دارد؟,آیا می‌توانید توضیح دهید چگونه نظریه دلبستگی بر جرم و جنایت تأثیر می‌گذارد؟
کاربردهای عملی نظریه دلبستگی چیستند؟,چگونه نظریه دلبستگی در محیط‌های واقعی استفاده می‌شود؟,برخی از کاربردهای عملی نظریه دلبستگی در زمینه‌های مختلف را نام ببرید؟
چه رفتارهای دلبستگی در نوزادان وجود دارد؟,رفتارهای معمول مشاهد شده در نوزادان به چه صورت است؟,چگونه نوزادان از طریق رفتارهای خود حس دلبستگی را منتقل می‌کنند؟
اصول نظریه دلبستگی چیستند؟,نقاط اصلی نظریه دلبستگی چه هستند؟,ایده‌های اصلی در نظریه دلبستگی چه هستند؟
چگونه دلبستگی به فرهنگ‌های مختلف مرتبط است؟,آیا نظریه دلبستگی به طور یکسان در سراسر فرهنگ‌ها کاربرد دارد؟,نظریه دلبستگی چگونه در بطن فرهنگ‌های مختلف ظهور می‌کند؟
اهمیت الگوهای دلبستگی چیست؟,چرا الگوهای دلبستگی مهم هستند؟,الگوهای دلبستگی چه تبعاتی دارند؟
دلبستگی امن در بزرگسالان چیست؟,در زمینه بزرگسالان، چگونه دلبستگی امن را تعریف می‌کنید؟,آیا می‌توانید ویژگی‌های افراد دارای دلبستگی امن در بزرگسالی را توضیح دهید؟
دلبستگی همراه با نگرانی در بزرگسالان چیست؟,آیا می‌توانید سبک دلبستگی همراه با نگرانی را در بزرگسالان توصیف کنید؟,افراد با دلبستگی همراه با نگرانی چگونه رفتار می‌کنند؟
دلبستگی نوع دوری‌جو یا اجتناب‌کننده در بزرگسالان چیست؟,در زمینه بزرگسالان، چگونه سبک دلبستگی نوع دوری‌جو یا اجتناب‌کننده را تعریف می‌کنید؟,چگونه سبک دلبستگی از نوع دوری‌جو یا اجتناب‌کننده را در بزرگسالان تعریف می‌کنید؟
دلبستگی از نوع ترسناک یا اجتناب‌کننده در بزرگسالان چیست؟,آیا می‌توانید سبک دلبستگی از نوع ترسناک یا اجتناب‌کننده را در بزرگسالان توضیح دهید؟,چه ویژگی‌هایی مشخص‌کننده افراد دارای دلبستگی از نوع ترسناک یا اجتناب‌کننده هستند؟
روابط با افراد دارای انواع مختلف دلبستگی چگونه بروز پیدا می‌کند؟,افراد با سبک‌های دلبستگی متفاوت چگونه در روابط با یکدیگر تعامل می‌کنند؟,آیا می‌توانید درباره دینامیک بین افراد با سبک‌های دلبستگی مختلف بحث کنید؟
چگونه دلبستگی را ارزیابی و اندازه‌گیری کنیم؟,روش‌های استفاده شده برای ارزیابی و اندازه‌گیری دلبستگی چه هستند؟,بعضی از ابزارهای رایج برای اندازه‌گیری دلبستگی چیستند؟
چگونه دلبستگی بزرگسالان با ویژگی‌های دیگر ارتباط دارد؟,ارتباطات بین دلبستگی بزرگسالان و سایر ویژگی‌های روان‌شناختی چیست؟,آیا می‌توانید درباره ارتباط بین سبک‌های دلبستگی و ویژگی‌های شخصیتی بحث کنید؟
دلبستگی چگونه با جرم و جنایت مرتبط است؟,آیا ارتباطی بین الگوهای دلبستگی و رفتارهای جنایی وجود دارد؟,آیا می‌توانید توضیح دهید که چگونه تجربیات دلبستگی احتمال مشارکت در جرائم را تحت تأثیر قرار می‌دهند؟
چه کسانی می‌توانند دلبستگی برقرار کنند؟,آیا فقط مادر می‌تواند با کودک دلبستگی برقرار کند؟,با چه کسانی می‌توانید دلبستگی برقرار کنید؟
چه سبک‌های دلبستگی مختلفی در دوران نوجوانی وجود دارد؟,سبک‌های دلبستگی در دوران نوجوانی چگونه ظاهر می‌شوند؟,ویژگی‌های سبک‌های دلبستگی مختلف در دوران نوجوانی چیست؟
چه سبک‌های دلبستگی مختلفی در نوزادان وجود دارد؟,علائم سبک‌های مختلف دلبستگی در کودکان کدامند؟,نوزادان چگونه الگوهای مختلف دلبستگی را نشان می‌دهند؟
دلبستگی امن در نوزادان چیست؟,آیا می‌توانید توصیف کنید که دلبستگی امن در نوزادان چگونه به نظر می‌آید؟,رفتارها و ویژگی‌های نوزادان با دلبستگی امن چه هستند؟
دلبستگی نگران یا نامطمئن چیست؟,علائم دلبستگی نگران را می‌توانید توضیح دهید؟,دلبستگی نامطمئن چیست؟
دلبستگی اجتناب‌کننده چیست؟,علائم دلبستگی اجتناب‌کننده را می‌توانید توضیح دهید؟,آیا می‌توانید دلبستگی اجتناب‌کننده را توضیح دهید؟
دلبستگی ناهنجار چیست؟,علائم دلبستگی ناهنجار چیستند؟,آیا می‌توانید دلبستگی ناهنجار را توضیح دهید؟
چند تمرین وجود دارد؟,تعداد کل تمرین‌ها در برنامه چقدر است؟,می‌توانید به من بگویید چند تمرین وجود دارد؟
مفهموم روش دلبستگی به خود چیست؟,روش دلبستگی به خود نمایانگر چیست؟,آیا می‌توانید مفهموم دلبستگی به خود را به تفصیل توضیح دهید؟
نظریه دلبستگی به خود چیست؟,آیا می‌توانید نظریه دلبستگی به خود را شرح دهید؟,چگونه از نظریه دلبستگی به خود استفاده می‌شود؟
چه هدفی باید داشته باشم؟,چه عواملی باید در نظر گرفته شوند وقتی که هدف‌های شخصی را تعیین می‌کنم؟,چگونه می‌توانم هدفی تعیین کنم؟
می‌توانم هدف‌هایی مانند کسب پول داشته باشم؟,آیا هدف‌های مالی مانند کسب درآمد می‌توانند مورد قبول باشند؟,چه نوع اهدافی باید داشته باشیم؟
چند مرحله از دلبستگی به خود وجود دارد؟,آیا می‌توانید مراحل مختلف مرتبط با دلبستگی به خود را توضیح دهید؟,نظریه دلبستگی به خود چگونه از نظر مراحل ساختاردهی شده است؟
چرا به بازی کردن یک نقش برای خودم نیاز دارم؟,بازی کردن یک نقش چگونه به رشد شخصی و دلبستگی به خود کمک می‌کند؟,از انجام تمرینات بازی کردن یک نقش چه مزایایی به دست می‌آید؟
اگر هیچ هدفی نداشته باشم چه اتفاقی می‌افتد؟,اگر نتوانم هدفی برای خود تصور کنم چه کار باید کنم؟,آیا باید همیشه یک هدف داشته باشم؟
چرا احساس بهبود نمی‌کنم؟, زمان لازم برای اثرگذاری نظریه دلبستگی به خود چقدر است؟,چرا باید تمرین‌ها را به مدت طولانی انجام دهم؟
چند تمرین وجود دارد؟, چه تعداد تمرین باید انجام دهم؟, تعداد تمرین‌ها؟
مدت زمان دوره چقدر است؟,مدت زمان دوره دلبستگی به خود چقدر است؟,چقدر زمان مورد نیاز است؟
نسبت به کودکی خودم چه نگرشی باید داشته باشم؟,با چه نگرشی باید به کودکی خودم نگاه کنم؟,باید با چه ذهنیتی به کودکی خودم نزدیک شوم؟
چگونه می‌توانیم مهربانی را یاد بگیریم؟,آیا می‌توانید درباره مفهوم مهربانی توضیح بدهید؟,آیا یادگیری مهربانی دشوار است؟
چرا عاشق کودک می‌شویم؟,چرا نیاز به ارتباط با کودک داریم؟,چه دلیلی برای ارتباط با کودک وجود دارد؟
نظریه دلبستگی به خود چگونه با بازی نقش ارتباط دارد؟,نظریه دلبستگی به خود چگونه از تکنیک‌های بازی نقش استفاده می‌کند؟,چگونه از بازی نقش در دلبستگی به خود استفاده می‌شود؟
آیا عاشق کودک شدن معادل عاشق خودمان است؟,آیا می‌توانید بین عاشق کودک شدن و عاشق خودمان تمایز قائل شوید؟,چگونه عاشق کودک شدن از عاشق خودمان شدن متفاوت است؟
نمونه آهنگ‌هایی که برای پیدا کردن حس عشق به کودکی خودمان مناسب هستند، چیستند؟,آیا می‌توانید چند نمونه از آهنگ‌ها برای خواندن برای کودک ارائه دهید؟,چه آهنگی باید استفاده کنم؟
چرا به ارتباط با طبیعت نیاز داریم؟,اهمیت ایجاد ارتباط با طبیعت چیست؟,چرا دلبستگی به طبیعت مهم است؟
چرا نیاز داریم به طور بلند با کودک صحبت کنیم؟,هدف صحبت کردن با صدای بلند با کودک چیست؟,چرا صحبت کردن با کودک مهم است؟
آیا خندیدن با مسخره کردن معادل است؟,آیا خندیدن همانند این است که کسی را مسخره کنیم؟,چگونه می‌توان خنده را از مسخره‌ کردن تمایز داد؟
چرا نیاز داریم به خندیدن؟,چه فواید روانی و فیزیولوژیکی برای خنده وجود دارد؟,چگونه خنده به دلبستگی کمک می‌کند؟
چرا به صورت پیوسته به خنده نیاز داریم؟,چگونه خنده به صورت پیوسته مهم است؟,هدف خنده پیوسته در نظریه دلبستگی به خود چیست؟
چرا به تمرینات خندیدن نیاز داریم؟,هدف پشت انجام تمرینات خنده چیست؟,چگونه تمرینات خندیدن در دلبستگی به خود مهم است؟
چگونه می‌توانیم تمرینات خنده را اجرا کنیم؟,چه روش‌هایی برای اجرای تمرینات خندیدن وجود دارد؟,آیا باید تمرینات خنده را در زندگی روزانه‌مان اجرا کنیم؟
چرا به بازپردازش رویدادهای دردناک کودکی‌ام نیاز دارم؟,هدف بازپردازش رویدادهای دردناک کودکی چیست؟,چگونه بازپردازش رویدادهای دردناک کودکی به کمک می‌آید؟
تمرینات ذهنی چیستند؟,تمرینات ذهنی یعنی چه؟,درباره تمرینات ذهنی چه می‌دانید؟
بازخورد,می‌خواهم بازخورد ارائه دهم,آیا می‌توانم نسبت به این دوره بازخورد ارائه دهم؟
درس ۱,درس یک چیست؟,چه درسی اول است؟
چهار مرحله از خود دلبستگی,مراحل خود دلبستگی چیستند؟,مراحل موجود در نظریه دلبستگی به خود چه هستند؟
مرحله ۱,اولین مرحله از خودپیوستگی چیست؟,اولین مرحله از نظریه خود دلبستگی چیست؟
آیا می‌توانید درباره نقش بازی در نظریه خود دلبستگی توضیح دهید؟,اهمیت نقش بازی چیست؟, بازی کردن نقش در نظریه خود دلبستگی
پیشرفت تدریجی از طریق دلبستگی به خود,چه چیزهایی را از طریق دلبستگی به خود بهبود می‌دهم؟,آیا در دلبستگی به خود بهبود می‌بینم؟
سه مجموعه از تمرین‌ها,بررسی کلی از تمرین‌ها در نظریه خود دلبستگی,تمامی تمرین‌ها در نظریه خود دلبستگی چیستند؟
مرحله ۲,مرحله دوم از خود دلبستگی چیست؟,اولین مرحله از نظریه خود دلبستگی چیست؟
مهربانی نسبت به کودک,مهربانی نسبت به کودک چیست؟,آیا می‌توانید مهربانی نسبت به کودک را توضیح دهید؟
تمرین ۱,اولین تمرین چیست؟,تمرین ۱ را توضیح دهید.
تمرین ۲ الف,تمرین دو الف چیست؟,تمرین ۲ الف را توضیح دهید.
تمرین ۲ ب,تمرین دو ب چیست؟,تمرین ۲ ب را توضیح دهید.
تکلیف درس اول چیست؟, تکلیف برای تمرین ۲ کدام است؟, تکلیف برای درس ۱
درس ۲,درس دوم چیست؟,درس دوم چه هست؟
مرحله ۳,سومین مرحله از خود دلبستگی چیست؟,سومین مرحله از نظریه خود دلبستگی چیست؟
تمرین ۳,تمرین سوم چیست؟,تمرین ۳ را توضیح دهید.
نمونه‌هایی از آهنگ‌ها,چند نمونه از آهنگ را مثال بزنید.,آیا می‌توانید یک نمونه از آهنگ‌ها پخش کنید؟
نمونه‌ی دیگری از آهنگ‌ها,یک نمونه دیگر از آهنگ‌ را بگویید؟,آیا می‌توانید یک نمونه دیگر از آهنگ‌ها پخش کنید؟
چرا به آواز خواندن با کودک نیاز داریم؟, نیاز به آواز خواندن با کودک, آهنگ خواندن برای کودک
بلند صحبت کردن با کودک؟, چرا با صدای بلند باید با کودک صحبت کنیم؟, صحبت کردن با صدای بلند با کودک
تمرین ۴,چهارمین تمرین چیست؟,تمرین ۴ چیست؟
تمرین ۵,پنجمین تمرین چیست؟,تمرین ۵ چیست؟
تکلیف درس ۲ چیست؟, تکلیف درس دوم, تکلیف درس دو
درس ۳,سومین درس چیست؟,درس سوم چیست؟
اهمیت مرتب کردن خانه,اهمیت مرتب کردن خانه چیست؟,مرتب کردن خانه چگونه است؟
تمرین ۶,ششمین تمرین چیست؟,تمرین ۶ چیست؟
تمرین ۷ الف, تمرین هفت الف چیست؟,تمرین ۷ الف را توضیح دهید.
تمرین ۷ ب,تمرین هفت ب چیست؟,تمرین ۷ ب را توضیح دهید.
تمرین ۸,تمرین هشت چیست؟,تمرین ۸ را توضیح دهید.
تکلیف درس ۳ چیست؟, تکلیف درس سوم, تکلیف درس سه
درس ۴,چهارمین درس چیست؟,درس چهارم را توضیح دهید.
پردازش احساسات منفی کنونی,چگونه احساسات منفی کنونی را پردازش می‌کنیم؟,اهمیت پردازش احساسات منفی کنونی چیست؟
تمرین ۹,تمرین نه چیست؟,تمرین ۹ را توضیح دهید.
بازپرداخت رویدادهای دردناک کودکی, خاطرات تلخ کودکی, اتفاقات بد کودکی
تمرین ۱۰,تمرین ده چیست؟,تمرین ۱۰ را توضیح دهید.
تکلیف درس ۴ چیست؟, تکلیف درس چهارم, تکلیف درس چهار
درس ۵,پنجمین درس چیست؟,درس پنج را توضیح دهید.
اهمیت خنده,چرا خنده مهم است؟,اهمیت خنده چیست؟
چرا ما می‌خندیم,نظریه پشت خنده چیست؟,چرا ما می‌خندیم؟
خنده به عنوان یک ابزار خودکنترلی عاطفی,چگونه خنده در نظریه خود دلبستگی استفاده می‌شود؟,چگونه خنده یک ابزار خودکنترلی عاطفی است؟
تمرین ۱۱,تمرین یازده چیست؟,تمرین ۱۱ را توضیح دهید.
تمرین ۱۲,تمرین دوازده چیست؟,تمرین ۱۲ را توضیح دهید.
تمرین ۱۳,تمرین سیزده چیست؟,تمرین ۱۳ را توضیح دهید.
تمرین ۱۴,تمرین چهارده چیست؟,تمرین ۱۴ را توضیح دهید.
تکلیف درس ۵, تکلیف درس پنجم, تکلیف درس پنج
درس ۶,ششمین درس چیست؟,درس شش را توضیح دهید.
تغییر دیدگاه برای فرار از احساسات منفی,چرا نیاز به تغییر دیدگاه برای فرار از احساسات منفی داریم؟,تغییر دیدگاه چیست؟
تمرین ۱۵,تمرین پانزده چیست؟,تمرین ۱۵ را توضیح دهید.
خندیدن به ناراحتی‌ها و رویدادهای ناخوشایند شما,خندیدن به اتفاقات ناخوشایند زندگی من به چه صورت است؟,چرا باید به خاطرات منفی‌ام بخندم؟
تمرین ۱۶,تمرین شانزده چیست؟,تمرین ۱۶ را توضیح دهید.
تکلیف درس ۶ چیست؟, تکلیف درس ششم, تکلیف درس شش
درس ۷,هفتمین درس چیست؟,درس هفت را توضیح دهید.
افزایش خودشیفتگی,اهمیت خودشیفتگی چیست؟,چگونه خودشیفتگی بر ما تاثیر گذاشته است؟
اجتماعی کردن کودک,اجتماعی کردن کودک چیست؟,اهمیت اجتماعی کردن کودک چیست؟
تمرین ۱۷,تمرین هفده چیست؟,تمرین ۱۷ را توضیح دهید.
تمرین ۱۸,تمرین هجده چیست؟,تمرین ۱۸ را توضیح دهید.
تمرین ۱۹,تمرین نوزده چیست؟,تمرین ۱۹ را توضیح دهید.
تکلیف درس ۷ چیست؟, تکلیف درس هفتم, تکلیف درس هفت
درس ۸,هشتمین درس چیست؟,درس هشت را توضیح دهید.
کودک شما منبع خلاقیت شماست,چگونه کودک نمایانگر خلاقیت است؟,اهمیت کودکی شما چیست؟
چه ویژگی‌هایی در افراد خیلی خلاق و کودکان مشترک هستند؟,چه ویژگی‌های مشترکی در افراد بسیار خلاق و کودکان وجود دارد؟,افراد خلاق چه ویژگی‌هایی از خود نشان می‌دهند؟
تمرین ۲۰,تمرین بیست چیست؟,تمرین ۲۰ را توضیح دهید.
نمونه‌های نقش مدل‌ها و تأییدیه‌های آن‌ها,نقش مدل چیست؟,اهمیت نقش مدل چیست؟
نمونه‌ای از نقش مدل و تأییدیه‌های آن‌ها,چه نقش مدلی باید انتخاب کنم؟,می‌توانید نمونه‌ای از یک نقش مدل ارائه دهید؟
تمرین ۲۱,تمرین بیست و یک چیست؟,تمرین ۲۱ را توضیح دهید.
تکلیف درس ۸ چیست؟, تکلیف درس هشتم, تکلیف درس هشت
تمرین ۲۲,تمرین بیست و دو چیست؟,تمرین ۲۲ را توضیح دهید.
تمرین ۲۳,تمرین بیست و سه چیست؟,تمرین ۲۳ را توضیح دهید.
تجربه خشونت در کودکی,اهمیت تجربه‌های خشونت‌آمیز در کودکی چیست؟,چگونه تجربه‌های خشونت‌آمیز در کودکی بر شما تأثیر می‌گذارد؟
مثلث تروما,مثلث تروما چیست؟,اهمیت مثلث تروما چیست؟
مثلث آسیب‌شناسی, معذب داخلی خلاقیت, مثلث تراما
تمرین ۲۴,تمرین بیست و چهار چیست؟,تمرین ۲۴ را توضیح دهید.
بحران در روابط شخصی,بحران در روابط شخصی چیست؟,درباره بحران در روابط شخصی توضیح بدهید.
تمرین ۲۵,تمرین بیست و پنج چیست؟,تمرین ۲۵ را توضیح دهید.
تعداد زیادی از تأثیرات خارجی بر ما,تأثیرات خارجی بر ما چیستند؟,چه چیزهایی تأثیر بر پیشرفت من در نظریه خود دلبستگی دارد؟
تمرین ۲۶,تمرین بیست و شش چیست؟,تمرین ۲۶ را توضیح دهید.
خانه,سلام,نیاز به کمک دارم
بیایید شروع کنیم,شروع دوره,چگونه باید شروع کنم؟
تمرین ۲,تمرین دو چیست؟,تمرین ۲ را توضیح دهید.
تمرین ۷,تمرین هفت چیست؟,تمرین ۷ را توضیح دهید.
انواع سبک‌های دلبستگی چیستند؟,انواع مختلف سبک‌های دلبستگی چه هستند؟,آیا می‌توانید سبک‌های دلبستگی را توضیح دهید؟
رفتار دلبستگی چیست؟,آیا می‌توانید مفهوم رفتار دلبستگی را توضیح دهید؟,مفهوم رفتار دلبستگی چیست؟
دلبستگی امن چیست؟,چگونه دلبستگی امن را تعریف می‌کنید؟,چه ویژگی‌هایی برای دلبستگی امن مشخص می‌شود؟
کودک چیست؟,کودک چه معنایی دارد؟,چه چیزی به معنای خود کودک است؟
بزرگسال چیست؟,خود بزرگسال چیست؟,چه چیزی به معنای بزرگسال است؟
گوگل کاربورد چیست؟,گوگل کاردبورد چه معنایی دارد؟,چگونه می‌توانیم یک گوگل کاردبرد داشته باشیم؟
آواتار چیست؟,چگونه می‌توانم یک آواتار داشته باشم؟,آواتار چه معنایی دارد؟
پیش فرض, دیفالت, نمی‌دانم
چگونه می‌توانم با کودک ارتباط برقرار کنم؟, ارتباط با کودک, رابطه برقرار کردن با کودک
چگونه می‌توانم سبک دلبستگی خود را کشف کنم؟, کشف روش دلبستگی, سبک دلبستگی خود را چگونه بیابم؟
یک مثال واقعی از دلبستگی به خود را بیان کن, یک نمونه واقعی از دلبستگی, مورد حقیقی از دلبستگی
چگونه با کودک هم‌سو شوم؟,هم جهت شدن با کودک, منطبق شدن با احساسات کودک
چگونه کودک را پرورش دهم؟,تربیت کودک, رشد کودک
تو کی هستی؟, تو کیستی؟, شما چی هستید؟